,id,name,viewCount,encryptedVideoId,artists,isVisible,atvExternalVideoId,thumbnail_thumbnails,chartEntryMetadata_currentPosition,chartEntryMetadata_previousPosition,chartEntryMetadata_percentViewsChange,chartEntryMetadata_periodsOnChart,releaseDate_year,releaseDate_month,releaseDate_day
0,Y:AgWUtFtSviE,Jenifer,35236567,D2rG7pXd2LY,"[{'kgMid': '/g/11h0d3dnyr', 'name': 'Gabriel Diniz'}]",True,W10ssxG3q9E,"[{'url': 'https://i.ytimg.com/vi/D2rG7pXd2LY/default.jpg', 'width': 120, 'height': 90}, {'url': 'https://i.ytimg.com/vi/D2rG7pXd2LY/mqdefault.jpg', 'width': 320, 'height': 180}, {'url': 'https://i.ytimg.com/vi/D2rG7pXd2LY/hqdefault.jpg', 'width': 480, 'height': 360}, {'url': 'https://i.ytimg.com/vi/D2rG7pXd2LY/sddefault.jpg', 'width': 640, 'height': 480}, {'url': 'https://i.ytimg.com/vi/D2rG7pXd2LY/maxresdefault.jpg', 'width': 1920, 'height': 1080}]",1,1.0,0.748762,13,2018,9,14
1,Y:68DzEwBC2Cw,Notificação Preferida (Ao Vivo),13390074,rYKOuKaWEjg,"[{'kgMid': '/g/11c602sm4t', 'name': 'Zé Neto & Cristiano'}]",True,vFW8c0N_nLs,"[{'url': 'https://i.ytimg.com/vi/rYKOuKaWEjg/default.jpg', 'width': 120, 'height': 90}, {'url': 'https://i.ytimg.com/vi/rYKOuKaWEjg/mqdefault.jpg', 'width': 320, 'height': 180}, {'url': 'https://i.ytimg.com/vi/rYKOuKaWEjg/hqdefault.jpg', 'width': 480, 'height': 360}, {'url': 'https://i.ytimg.com/vi/rYKOuKaWEjg/sddefault.jpg', 'width': 640, 'height': 480}, {'url': 'https://i.ytimg.com/vi/rYKOuKaWEjg/maxresdefault.jpg', 'width': 1920, 'height': 1080}]",2,9.0,0.3761163,29,2018,5,18
2,Y:j47F_UFQHm0,Quem Me Dera,13095491,BRw8e5OGnrI,"[{'kgMid': '/g/11c54ch2hn', 'name': 'Márcia Fellipe'}, {'name': 'Jerry Smith'}]",True,8-J6pdXOJhU,"[{'url': 'https://i.ytimg.com/vi/BRw8e5OGnrI/default.jpg', 'width': 120, 'height': 90}, {'url': 'https://i.ytimg.com/vi/BRw8e5OGnrI/mqdefault.jpg', 'width': 320, 'height': 180}, {'url': 'https://i.ytimg.com/vi/BRw8e5OGnrI/hqdefault.jpg', 'width': 480, 'height': 360}, {'url': 'https://i.ytimg.com/vi/BRw8e5OGnrI/sddefault.jpg', 'width': 640, 'height': 480}, {'url': 'https://i.ytimg.com/vi/BRw8e5OGnrI/maxresdefault.jpg', 'width': 1920, 'height': 1080}]",3,3.0,0.14536463,14,2018,10,15
3,Y:lwp2e0tFtZM,Hoje Eu Vou Parar Na Gaiola (feat. DJ Rennan da Penha),11856586,1ppPuobqt-g,"[{'kgMid': '/g/11b6_sq0s2', 'name': 'Mc Livinho'}]",True,R7WyzglbOrI,"[{'url': 'https://i.ytimg.com/vi/1ppPuobqt-g/default.jpg', 'width': 120, 'height': 90}, {'url': 'https://i.ytimg.com/vi/1ppPuobqt-g/mqdefault.jpg', 'width': 320, 'height': 180}, {'url': 'https://i.ytimg.com/vi/1ppPuobqt-g/hqdefault.jpg', 'width': 480, 'height': 360}, {'url': 'https://i.ytimg.com/vi/1ppPuobqt-g/sddefault.jpg', 'width': 640, 'height': 480}, {'url': 'https://i.ytimg.com/vi/1ppPuobqt-g/maxresdefault.jpg', 'width': 1920, 'height': 1080}]",4,2.0,0.0196635,9,2018,10,9
4,Y:sSoVIcYmkPY,Agora é Tudo Meu,11647694,1MTsqRU-4LY,"[{'kgMid': '/g/11b60z06t1', 'name': 'DENNIS'}, {'kgMid': '/g/11c2pmz334', 'name': 'MC Kevinho'}]",True,lY-DINmUpcI,"[{'url': 'https://i.ytimg.com/vi/1MTsqRU-4LY/default.jpg', 'width': 120, 'height': 90}, {'url': 'https://i.ytimg.com/vi/1MTsqRU-4LY/mqdefault.jpg', 'width': 320, 'height': 180}, {'url': 'https://i.ytimg.com/vi/1MTsqRU-4LY/hqdefault.jpg', 'width': 480, 'height': 360}, {'url': 'https://i.ytimg.com/vi/1MTsqRU-4LY/sddefault.jpg', 'width': 640, 'height': 480}, {'url': 'https://i.ytimg.com/vi/1MTsqRU-4LY/maxresdefault.jpg', 'width': 1920, 'height': 1080}]",5,4.0,0.077878885,6,2018,12,5
5,Y:VXqoVg7ehsc,Atrasadinha,11568794,M76qUQTt_Sw,"[{'kgMid': '/g/11g6k0gmj8', 'name': 'Felipe Araújo'}, {'kgMid': '/g/11f4v4x7mq', 'name': 'Ferrugem'}]",True,GluKTc8_kk0,"[{'url': 'https://i.ytimg.com/vi/M76qUQTt_Sw/default.jpg', 'width': 120, 'height': 90}, {'url': 'https://i.ytimg.com/vi/M76qUQTt_Sw/mqdefault.jpg', 'width': 320, 'height': 180}, {'url': 'https://i.ytimg.com/vi/M76qUQTt_Sw/hqdefault.jpg', 'width': 480, 'height': 360}, {'url': 'https://i.ytimg.com/vi/M76qUQTt_Sw/sddefault.jpg', 'width': 640, 'height': 480}, {'url': 'https://i.ytimg.com/vi/M76qUQTt_Sw/maxresdefault.jpg', 'width': 1920, 'height': 1080}]",6,8.0,0.1770844,17,2018,9,13
6,Y:nqbzCLL6LGs,Poesia Acústica #6 - Era Uma Vez,10893335,jK2k1P56Cno,"[{'name': 'Pineapple StormTV'}, {'name': 'MC Cabelinho'}, {'name': 'Mode$Tia'}, {'kgMid': '/g/11f126h_vb', 'name': 'Bob do Contra'}, {'kgMid': '/g/11gff6wktm', 'name': 'Azzy'}, {'kgMid': '/g/1yglpxkk0', 'name': 'Filipe Ret'}, {'name': 'Dudu'}, {'kgMid': '/g/11c31yv9zh', 'name': 'Xamã'}, {'kgMid': '/g/11bv2ph0yr', 'name': 'Orochi'}, {'kgMid': '/g/11f4q3vd8y', 'name': 'Maquiny'}]",True,nwmHRJhjHtY,"[{'url': 'https://i.ytimg.com/vi/jK2k1P56Cno/default.jpg', 'width': 120, 'height': 90}, {'url': 'https://i.ytimg.com/vi/jK2k1P56Cno/mqdefault.jpg', 'width': 320, 'height': 180}, {'url': 'https://i.ytimg.com/vi/jK2k1P56Cno/hqdefault.jpg', 'width': 480, 'height': 360}, {'url': 'https://i.ytimg.com/vi/jK2k1P56Cno/sddefault.jpg', 'width': 640, 'height': 480}, {'url': 'https://i.ytimg.com/vi/jK2k1P56Cno/maxresdefault.jpg', 'width': 1920, 'height': 1080}]",7,6.0,0.09233732,4,2018,12,24
7,Y:P82cZhiHyVw,Tijolinho Por Tijolinho (feat. Zé Felipe),10843902,UybGw37WbuY,"[{'kgMid': '/g/11g0mh8knm', 'name': 'Enzo Rabelo'}]",True,e1gBc9qzEp8,"[{'url': 'https://i.ytimg.com/vi/UybGw37WbuY/default.jpg', 'width': 120, 'height': 90}, {'url': 'https://i.ytimg.com/vi/UybGw37WbuY/mqdefault.jpg', 'width': 320, 'height': 180}, {'url': 'https://i.ytimg.com/vi/UybGw37WbuY/hqdefault.jpg', 'width': 480, 'height': 360}, {'url': 'https://i.ytimg.com/vi/UybGw37WbuY/sddefault.jpg', 'width': 640, 'height': 480}, {'url': 'https://i.ytimg.com/vi/UybGw37WbuY/maxresdefault.jpg', 'width': 1920, 'height': 1080}]",8,10.0,0.23488699,15,2018,8,10
8,Y:mBmEWavFk1I,Zé da Recaída,10358863,ng4MxUWqsR0,"[{'kgMid': '/m/0j9m6s7', 'name': 'Gusttavo Lima'}]",True,lzDpA_q4LYM,"[{'url': 'https://i.ytimg.com/vi/ng4MxUWqsR0/default.jpg', 'width': 120, 'height': 90}, {'url': 'https://i.ytimg.com/vi/ng4MxUWqsR0/mqdefault.jpg', 'width': 320, 'height': 180}, {'url': 'https://i.ytimg.com/vi/ng4MxUWqsR0/hqdefault.jpg', 'width': 480, 'height': 360}, {'url': 'https://i.ytimg.com/vi/ng4MxUWqsR0/sddefault.jpg', 'width': 640, 'height': 480}, {'url': 'https://i.ytimg.com/vi/ng4MxUWqsR0/maxresdefault.jpg', 'width': 1920, 'height': 1080}]",9,7.0,0.0448272,23,2018,8,9
9,Y:KjM62Bvp744,Parado no Bailão,10304623,upCptHeThio,"[{'kgMid': '/g/11f9w6dy53', 'name': 'MC L da Vinte'}, {'kgMid': '/g/11f146x8gz', 'name': 'Mc Gury'}]",True,7a0oiSnCWww,"[{'url': 'https://i.ytimg.com/vi/upCptHeThio/default.jpg', 'width': 120, 'height': 90}, {'url': 'https://i.ytimg.com/vi/upCptHeThio/mqdefault.jpg', 'width': 320, 'height': 180}, {'url': 'https://i.ytimg.com/vi/upCptHeThio/hqdefault.jpg', 'width': 480, 'height': 360}, {'url': 'https://i.ytimg.com/vi/upCptHeThio/sddefault.jpg', 'width': 640, 'height': 480}, {'url': 'https://i.ytimg.com/vi/upCptHeThio/maxresdefault.jpg', 'width': 1920, 'height': 1080}]",10,5.0,0.01019397,12,2018,7,23
10,Y:BmJNxhdwzx8,O Bebê,9750397,Btyfrd-UtSw,"[{'kgMid': '/g/11c2pmz334', 'name': 'MC Kevinho'}, {'kgMid': '/g/11c2psj56j', 'name': 'MC Kekel'}]",True,E_sjLywAcgE,"[{'url': 'https://i.ytimg.com/vi/Btyfrd-UtSw/default.jpg', 'width': 120, 'height': 90}, {'url': 'https://i.ytimg.com/vi/Btyfrd-UtSw/mqdefault.jpg', 'width': 320, 'height': 180}, {'url': 'https://i.ytimg.com/vi/Btyfrd-UtSw/hqdefault.jpg', 'width': 480, 'height': 360}, {'url': 'https://i.ytimg.com/vi/Btyfrd-UtSw/sddefault.jpg', 'width': 640, 'height': 480}, {'url': 'https://i.ytimg.com/vi/Btyfrd-UtSw/maxresdefault.jpg', 'width': 1920, 'height': 1080}]",11,12.0,0.19217333,19,2018,9,11
11,Y:byDnHe9VQYA,BEBI LIGUEI,8502684,2nH7xAMqD2g,"[{'kgMid': '/g/11cnnwp26d', 'name': 'Marília Mendonça'}]",True,j-nFJPeWhQQ,"[{'url': 'https://i.ytimg.com/vi/2nH7xAMqD2g/default.jpg', 'width': 120, 'height': 90}, {'url': 'https://i.ytimg.com/vi/2nH7xAMqD2g/mqdefault.jpg', 'width': 320, 'height': 180}, {'url': 'https://i.ytimg.com/vi/2nH7xAMqD2g/hqdefault.jpg', 'width': 480, 'height': 360}, {'url': 'https://i.ytimg.com/vi/2nH7xAMqD2g/sddefault.jpg', 'width': 640, 'height': 480}, {'url': 'https://i.ytimg.com/vi/2nH7xAMqD2g/maxresdefault.jpg', 'width': 1920, 'height': 1080}]",12,11.0,-0.016232137,5,2018,12,15
12,Y:YxLdv8C4avk,Qualidade De Vida (Ao Vivo),8384020,7DTUPW_Hdvo,"[{'kgMid': '/g/11c1_gkggw', 'name': 'Simone & Simaria'}, {'kgMid': '/m/010wj70v', 'name': 'Ludmilla'}]",True,ehQk3vuV4UQ,"[{'url': 'https://i.ytimg.com/vi/7DTUPW_Hdvo/default.jpg', 'width': 120, 'height': 90}, {'url': 'https://i.ytimg.com/vi/7DTUPW_Hdvo/mqdefault.jpg', 'width': 320, 'height': 180}, {'url': 'https://i.ytimg.com/vi/7DTUPW_Hdvo/hqdefault.jpg', 'width': 480, 'height': 360}, {'url': 'https://i.ytimg.com/vi/7DTUPW_Hdvo/sddefault.jpg', 'width': 640, 'height': 480}, {'url': 'https://i.ytimg.com/vi/7DTUPW_Hdvo/maxresdefault.jpg', 'width': 1920, 'height': 1080}]",13,,1.4697658,1,2019,1,8
13,Y:kfOIKPq4YA8,Vingança (Live) (feat. MC Kekel),8364609,ex-cr18tKDE,"[{'kgMid': '/m/0gh91m8', 'name': 'Luan Santana'}]",True,YYCld1mj0vU,"[{'url': 'https://i.ytimg.com/vi/ex-cr18tKDE/default.jpg', 'width': 120, 'height': 90}, {'url': 'https://i.ytimg.com/vi/ex-cr18tKDE/mqdefault.jpg', 'width': 320, 'height': 180}, {'url': 'https://i.ytimg.com/vi/ex-cr18tKDE/hqdefault.jpg', 'width': 480, 'height': 360}, {'url': 'https://i.ytimg.com/vi/ex-cr18tKDE/sddefault.jpg', 'width': 640, 'height': 480}, {'url': 'https://i.ytimg.com/vi/ex-cr18tKDE/maxresdefault.jpg', 'width': 1920, 'height': 1080}]",14,13.0,0.056496736,15,2018,9,4
14,Y:HvWN2Xy5eNc,Cem Mil(Ao Vivo),8217555,5YIK4b7fNeo,"[{'kgMid': '/m/0j9m6s7', 'name': 'Gusttavo Lima'}]",True,oG_P1IL8X0A,"[{'url': 'https://i.ytimg.com/vi/5YIK4b7fNeo/default.jpg', 'width': 120, 'height': 90}, {'url': 'https://i.ytimg.com/vi/5YIK4b7fNeo/mqdefault.jpg', 'width': 320, 'height': 180}, {'url': 'https://i.ytimg.com/vi/5YIK4b7fNeo/hqdefault.jpg', 'width': 480, 'height': 360}, {'url': 'https://i.ytimg.com/vi/5YIK4b7fNeo/sddefault.jpg', 'width': 640, 'height': 480}, {'url': 'https://i.ytimg.com/vi/5YIK4b7fNeo/maxresdefault.jpg', 'width': 1920, 'height': 1080}]",15,18.0,0.20290074,8,2018,10,26
15,Y:Qk4JH4Vc8Qk,STATUS QUE EU NÃO QUERIA,7976968,VfjFppJSvD4,"[{'kgMid': '/g/11c602sm4t', 'name': 'Zé Neto & Cristiano'}]",True,z-gfPFVdXV8,"[{'url': 'https://i.ytimg.com/vi/VfjFppJSvD4/default.jpg', 'width': 120, 'height': 90}, {'url': 'https://i.ytimg.com/vi/VfjFppJSvD4/mqdefault.jpg', 'width': 320, 'height': 180}, {'url': 'https://i.ytimg.com/vi/VfjFppJSvD4/hqdefault.jpg', 'width': 480, 'height': 360}, {'url': 'https://i.ytimg.com/vi/VfjFppJSvD4/sddefault.jpg', 'width': 640, 'height': 480}, {'url': 'https://i.ytimg.com/vi/VfjFppJSvD4/maxresdefault.jpg', 'width': 1920, 'height': 1080}]",16,24.0,0.46244237,44,2018,5,18
16,Y:-6fPcSaUvJ4,PASSA MAL,7659461,OQ59_5ejr24,"[{'kgMid': '/g/11cnnwp26d', 'name': 'Marília Mendonça'}]",True,vUrvpw3FhcE,"[{'url': 'https://i.ytimg.com/vi/OQ59_5ejr24/default.jpg', 'width': 120, 'height': 90}, {'url': 'https://i.ytimg.com/vi/OQ59_5ejr24/mqdefault.jpg', 'width': 320, 'height': 180}, {'url': 'https://i.ytimg.com/vi/OQ59_5ejr24/hqdefault.jpg', 'width': 480, 'height': 360}, {'url': 'https://i.ytimg.com/vi/OQ59_5ejr24/sddefault.jpg', 'width': 640, 'height': 480}, {'url': 'https://i.ytimg.com/vi/OQ59_5ejr24/maxresdefault.jpg', 'width': 1920, 'height': 1080}]",17,15.0,0.010366216,6,2018,12,8
17,Y:ixbdH09WSgw,Não Fala Não Pra Mim (feat. Jerry Smith),7523701,kpEQ3ReRQfg,"[{'kgMid': '/m/0nhb1jz', 'name': 'Humberto & Ronaldo'}]",True,TQsV6-JWYms,"[{'url': 'https://i.ytimg.com/vi/kpEQ3ReRQfg/default.jpg', 'width': 120, 'height': 90}, {'url': 'https://i.ytimg.com/vi/kpEQ3ReRQfg/mqdefault.jpg', 'width': 320, 'height': 180}, {'url': 'https://i.ytimg.com/vi/kpEQ3ReRQfg/hqdefault.jpg', 'width': 480, 'height': 360}, {'url': 'https://i.ytimg.com/vi/kpEQ3ReRQfg/sddefault.jpg', 'width': 640, 'height': 480}, {'url': 'https://i.ytimg.com/vi/kpEQ3ReRQfg/maxresdefault.jpg', 'width': 1920, 'height': 1080}]",18,17.0,0.076596506,31,2018,6,15
18,Y:IqYmZPfE9C8,"Quem Pegou, Pegou (Ao Vivo)",7390025,X8VDYICEIYw,"[{'kgMid': '/m/0wtnl61', 'name': 'Henrique & Juliano'}]",True,7X4j_gEoHS8,"[{'url': 'https://i.ytimg.com/vi/X8VDYICEIYw/default.jpg', 'width': 120, 'height': 90}, {'url': 'https://i.ytimg.com/vi/X8VDYICEIYw/mqdefault.jpg', 'width': 320, 'height': 180}, {'url': 'https://i.ytimg.com/vi/X8VDYICEIYw/hqdefault.jpg', 'width': 480, 'height': 360}, {'url': 'https://i.ytimg.com/vi/X8VDYICEIYw/sddefault.jpg', 'width': 640, 'height': 480}, {'url': 'https://i.ytimg.com/vi/X8VDYICEIYw/maxresdefault.jpg', 'width': 1920, 'height': 1080}]",19,19.0,0.17823417,23,2018,8,15
19,Y:58v1H58IxEY,Eu Não Iria (Ao Vivo),6856076,pgHrRi91-Mk,"[{'kgMid': '/m/0j9m6s7', 'name': 'Gusttavo Lima'}]",True,WIv4iaa9yto,"[{'url': 'https://i.ytimg.com/vi/pgHrRi91-Mk/default.jpg', 'width': 120, 'height': 90}, {'url': 'https://i.ytimg.com/vi/pgHrRi91-Mk/mqdefault.jpg', 'width': 320, 'height': 180}, {'url': 'https://i.ytimg.com/vi/pgHrRi91-Mk/hqdefault.jpg', 'width': 480, 'height': 360}, {'url': 'https://i.ytimg.com/vi/pgHrRi91-Mk/sddefault.jpg', 'width': 640, 'height': 480}, {'url': 'https://i.ytimg.com/vi/pgHrRi91-Mk/maxresdefault.jpg', 'width': 1920, 'height': 1080}]",20,23.0,0.25084832,8,2018,10,26
20,Y:LDClGMUBJzE,BEM PIOR QUE EU,6435740,ebG36xtK87A,"[{'kgMid': '/g/11cnnwp26d', 'name': 'Marília Mendonça'}]",True,_AiAqwWXUiI,"[{'url': 'https://i.ytimg.com/vi/ebG36xtK87A/default.jpg', 'width': 120, 'height': 90}, {'url': 'https://i.ytimg.com/vi/ebG36xtK87A/mqdefault.jpg', 'width': 320, 'height': 180}, {'url': 'https://i.ytimg.com/vi/ebG36xtK87A/hqdefault.jpg', 'width': 480, 'height': 360}, {'url': 'https://i.ytimg.com/vi/ebG36xtK87A/sddefault.jpg', 'width': 640, 'height': 480}, {'url': 'https://i.ytimg.com/vi/ebG36xtK87A/maxresdefault.jpg', 'width': 1920, 'height': 1080}]",21,40.0,0.5098503,19,2018,9,7
21,Y:BwHg2maLyXg,BEBIDA NA FERIDA,6351454,0Xat2Vfk7p0,"[{'kgMid': '/g/11c602sm4t', 'name': 'Zé Neto & Cristiano'}]",True,vFmGpD7DodI,"[{'url': 'https://i.ytimg.com/vi/0Xat2Vfk7p0/default.jpg', 'width': 120, 'height': 90}, {'url': 'https://i.ytimg.com/vi/0Xat2Vfk7p0/mqdefault.jpg', 'width': 320, 'height': 180}, {'url': 'https://i.ytimg.com/vi/0Xat2Vfk7p0/hqdefault.jpg', 'width': 480, 'height': 360}, {'url': 'https://i.ytimg.com/vi/0Xat2Vfk7p0/sddefault.jpg', 'width': 640, 'height': 480}, {'url': 'https://i.ytimg.com/vi/0Xat2Vfk7p0/maxresdefault.jpg', 'width': 1920, 'height': 1080}]",22,36.0,0.41295707,44,2018,5,18
22,Y:9CcJ5kQYCpk,Péssimo Negócio (Ao Vivo),6340749,4uQi5XvGI1M,"[{'kgMid': '/g/1q6n2ftx2', 'name': 'Dilsinho'}]",True,jPieCa3rVtY,"[{'url': 'https://i.ytimg.com/vi/4uQi5XvGI1M/default.jpg', 'width': 120, 'height': 90}, {'url': 'https://i.ytimg.com/vi/4uQi5XvGI1M/mqdefault.jpg', 'width': 320, 'height': 180}, {'url': 'https://i.ytimg.com/vi/4uQi5XvGI1M/hqdefault.jpg', 'width': 480, 'height': 360}, {'url': 'https://i.ytimg.com/vi/4uQi5XvGI1M/sddefault.jpg', 'width': 640, 'height': 480}, {'url': 'https://i.ytimg.com/vi/4uQi5XvGI1M/maxresdefault.jpg', 'width': 1920, 'height': 1080}]",23,25.0,0.21248555,10,2018,10,29
23,Y:B5WhTYUQGnA,Largado Às Traças (Acústico),6167936,WcTRQXtXJPs,"[{'kgMid': '/g/11c602sm4t', 'name': 'Zé Neto & Cristiano'}]",True,0l6DvOCcTKM,"[{'url': 'https://i.ytimg.com/vi/WcTRQXtXJPs/default.jpg', 'width': 120, 'height': 90}, {'url': 'https://i.ytimg.com/vi/WcTRQXtXJPs/mqdefault.jpg', 'width': 320, 'height': 180}, {'url': 'https://i.ytimg.com/vi/WcTRQXtXJPs/hqdefault.jpg', 'width': 480, 'height': 360}, {'url': 'https://i.ytimg.com/vi/WcTRQXtXJPs/sddefault.jpg', 'width': 640, 'height': 480}, {'url': 'https://i.ytimg.com/vi/WcTRQXtXJPs/maxresdefault.jpg', 'width': 1920, 'height': 1080}]",24,20.0,0.03747619,48,2018,1,30
24,Y:MjHDSBCrLbI,Meu Abrigo,6151811,gUpGTRR4Tt4,"[{'kgMid': '/g/11gr6vzdh1', 'name': 'Melim'}]",True,Xy-MRoTHovA,"[{'url': 'https://i.ytimg.com/vi/gUpGTRR4Tt4/default.jpg', 'width': 120, 'height': 90}, {'url': 'https://i.ytimg.com/vi/gUpGTRR4Tt4/mqdefault.jpg', 'width': 320, 'height': 180}, {'url': 'https://i.ytimg.com/vi/gUpGTRR4Tt4/hqdefault.jpg', 'width': 480, 'height': 360}, {'url': 'https://i.ytimg.com/vi/gUpGTRR4Tt4/sddefault.jpg', 'width': 640, 'height': 480}, {'url': 'https://i.ytimg.com/vi/gUpGTRR4Tt4/maxresdefault.jpg', 'width': 1920, 'height': 1080}]",25,22.0,0.11538356,26,2017,12,8
25,Y:4PCEEvzdm1c,Só Pra Castigar,6058649,V_w_KA1VKoQ,"[{'kgMid': '/m/0124x5pq', 'name': 'Wesley Safadão'}]",True,Guu1165El5A,"[{'url': 'https://i.ytimg.com/vi/V_w_KA1VKoQ/default.jpg', 'width': 120, 'height': 90}, {'url': 'https://i.ytimg.com/vi/V_w_KA1VKoQ/mqdefault.jpg', 'width': 320, 'height': 180}, {'url': 'https://i.ytimg.com/vi/V_w_KA1VKoQ/hqdefault.jpg', 'width': 480, 'height': 360}, {'url': 'https://i.ytimg.com/vi/V_w_KA1VKoQ/sddefault.jpg', 'width': 640, 'height': 480}, {'url': 'https://i.ytimg.com/vi/V_w_KA1VKoQ/maxresdefault.jpg', 'width': 1920, 'height': 1080}]",26,14.0,-0.20981105,18,2018,9,12
26,Y:h5Y0D2TGYH4,Sou Favela,6050551,PvJIwSPte4E,"[{'kgMid': '/g/11f5vgp9qk', 'name': 'Mc Bruninho'}, {'kgMid': '/g/11f655yjcs', 'name': 'MC Vitinho Ferrari'}]",True,DLeBQKoaxqw,"[{'url': 'https://i.ytimg.com/vi/PvJIwSPte4E/default.jpg', 'width': 120, 'height': 90}, {'url': 'https://i.ytimg.com/vi/PvJIwSPte4E/mqdefault.jpg', 'width': 320, 'height': 180}, {'url': 'https://i.ytimg.com/vi/PvJIwSPte4E/hqdefault.jpg', 'width': 480, 'height': 360}, {'url': 'https://i.ytimg.com/vi/PvJIwSPte4E/sddefault.jpg', 'width': 640, 'height': 480}, {'url': 'https://i.ytimg.com/vi/PvJIwSPte4E/maxresdefault.jpg', 'width': 1920, 'height': 1080}]",27,21.0,0.08400604,20,2018,8,30
27,Y:J6yu9zcAxl8,Ciumeira,5998551,KbRtA_brCQ0,"[{'kgMid': '/g/11cnnwp26d', 'name': 'Marília Mendonça'}]",True,1oYgPP8Qf-w,"[{'url': 'https://i.ytimg.com/vi/KbRtA_brCQ0/default.jpg', 'width': 120, 'height': 90}, {'url': 'https://i.ytimg.com/vi/KbRtA_brCQ0/mqdefault.jpg', 'width': 320, 'height': 180}, {'url': 'https://i.ytimg.com/vi/KbRtA_brCQ0/hqdefault.jpg', 'width': 480, 'height': 360}, {'url': 'https://i.ytimg.com/vi/KbRtA_brCQ0/sddefault.jpg', 'width': 640, 'height': 480}, {'url': 'https://i.ytimg.com/vi/KbRtA_brCQ0/maxresdefault.jpg', 'width': 1920, 'height': 1080}]",28,16.0,-0.14342158,21,2018,8,24
28,Y:b6-iKAEa30A,Cavalo de Troia,5533973,CR7QizUf6Jo,[{'name': 'MC Kevin'}],True,cR5DcvRczSE,"[{'url': 'https://i.ytimg.com/vi/CR7QizUf6Jo/default.jpg', 'width': 120, 'height': 90}, {'url': 'https://i.ytimg.com/vi/CR7QizUf6Jo/mqdefault.jpg', 'width': 320, 'height': 180}, {'url': 'https://i.ytimg.com/vi/CR7QizUf6Jo/hqdefault.jpg', 'width': 480, 'height': 360}, {'url': 'https://i.ytimg.com/vi/CR7QizUf6Jo/sddefault.jpg', 'width': 640, 'height': 480}, {'url': 'https://i.ytimg.com/vi/CR7QizUf6Jo/maxresdefault.jpg', 'width': 1920, 'height': 1080}]",29,26.0,0.064806715,6,2018,12,6
29,Y:uPdZ0S66M58,Juramento do Dedinho,5423933,rshk3Vi23h0,"[{'kgMid': '/g/11c2pjlbrf', 'name': 'Mano Walter'}]",True,QUSIVXl5xV4,"[{'url': 'https://i.ytimg.com/vi/rshk3Vi23h0/default.jpg', 'width': 120, 'height': 90}, {'url': 'https://i.ytimg.com/vi/rshk3Vi23h0/mqdefault.jpg', 'width': 320, 'height': 180}, {'url': 'https://i.ytimg.com/vi/rshk3Vi23h0/hqdefault.jpg', 'width': 480, 'height': 360}, {'url': 'https://i.ytimg.com/vi/rshk3Vi23h0/sddefault.jpg', 'width': 640, 'height': 480}, {'url': 'https://i.ytimg.com/vi/rshk3Vi23h0/maxresdefault.jpg', 'width': 1920, 'height': 1080}]",30,34.0,0.20188932,37,2018,4,27
30,Y:QEzpYbdvo9A,QUER MAIS?,5393738,Yiu6SrVkJ0o,"[{'kgMid': '/g/11c2lywr2r', 'name': 'MC Mirella'}, {'kgMid': '/g/12tb7_98j', 'name': 'POCAH'}]",True,BcbLLVhnROA,"[{'url': 'https://i.ytimg.com/vi/Yiu6SrVkJ0o/default.jpg', 'width': 120, 'height': 90}, {'url': 'https://i.ytimg.com/vi/Yiu6SrVkJ0o/mqdefault.jpg', 'width': 320, 'height': 180}, {'url': 'https://i.ytimg.com/vi/Yiu6SrVkJ0o/hqdefault.jpg', 'width': 480, 'height': 360}, {'url': 'https://i.ytimg.com/vi/Yiu6SrVkJ0o/sddefault.jpg', 'width': 640, 'height': 480}, {'url': 'https://i.ytimg.com/vi/Yiu6SrVkJ0o/maxresdefault.jpg', 'width': 1920, 'height': 1080}]",31,35.0,0.1964044,11,2018,10,31
31,Y:5oWWUbxlJKc,Chorar pra Quê,5352783,qd6qrh1AwKI,"[{'name': 'MC Charada'}, {'kgMid': '/g/11b7_v3lwg', 'name': 'Mc Dede'}]",True,,"[{'url': 'https://i.ytimg.com/vi/qd6qrh1AwKI/default.jpg', 'width': 120, 'height': 90}, {'url': 'https://i.ytimg.com/vi/qd6qrh1AwKI/mqdefault.jpg', 'width': 320, 'height': 180}, {'url': 'https://i.ytimg.com/vi/qd6qrh1AwKI/hqdefault.jpg', 'width': 480, 'height': 360}, {'url': 'https://i.ytimg.com/vi/qd6qrh1AwKI/sddefault.jpg', 'width': 640, 'height': 480}, {'url': 'https://i.ytimg.com/vi/qd6qrh1AwKI/maxresdefault.jpg', 'width': 1920, 'height': 1080}]",32,27.0,0.08606848,9,2018,11,15
32,Y:P_Llq_QkJOo,Cobaia (Ao Vivo),5284497,X7TKxphukD0,"[{'kgMid': '/g/11fltsbh_d', 'name': 'Lauana Prado'}, {'kgMid': '/g/11btz__j0s', 'name': 'Maiara & Maraisa'}]",True,StYPqHMmjFQ,"[{'url': 'https://i.ytimg.com/vi/X7TKxphukD0/default.jpg', 'width': 120, 'height': 90}, {'url': 'https://i.ytimg.com/vi/X7TKxphukD0/mqdefault.jpg', 'width': 320, 'height': 180}, {'url': 'https://i.ytimg.com/vi/X7TKxphukD0/hqdefault.jpg', 'width': 480, 'height': 360}, {'url': 'https://i.ytimg.com/vi/X7TKxphukD0/sddefault.jpg', 'width': 640, 'height': 480}, {'url': 'https://i.ytimg.com/vi/X7TKxphukD0/maxresdefault.jpg', 'width': 1920, 'height': 1080}]",33,30.0,0.11356564,8,2018,11,9
33,Y:vbcDDt9e5RE,Beijinho Gostoso,5253714,ZXhok5Smbts,"[{'kgMid': '/g/11f5vgp9qk', 'name': 'Mc Bruninho'}, {'kgMid': '/g/11b6_sq0s2', 'name': 'Mc Livinho'}]",True,esxWeYcx6D4,"[{'url': 'https://i.ytimg.com/vi/ZXhok5Smbts/default.jpg', 'width': 120, 'height': 90}, {'url': 'https://i.ytimg.com/vi/ZXhok5Smbts/mqdefault.jpg', 'width': 320, 'height': 180}, {'url': 'https://i.ytimg.com/vi/ZXhok5Smbts/hqdefault.jpg', 'width': 480, 'height': 360}, {'url': 'https://i.ytimg.com/vi/ZXhok5Smbts/sddefault.jpg', 'width': 640, 'height': 480}, {'url': 'https://i.ytimg.com/vi/ZXhok5Smbts/maxresdefault.jpg', 'width': 1920, 'height': 1080}]",34,37.0,0.19965145,5,2018,11,27
34,Y:i8fgDIJLOA0,Respeita o Nosso Fim (Ao Vivo),5230020,IrEFj4zpHgE,"[{'kgMid': '/m/0j9m6s7', 'name': 'Gusttavo Lima'}]",True,1h62q25ODlI,"[{'url': 'https://i.ytimg.com/vi/IrEFj4zpHgE/default.jpg', 'width': 120, 'height': 90}, {'url': 'https://i.ytimg.com/vi/IrEFj4zpHgE/mqdefault.jpg', 'width': 320, 'height': 180}, {'url': 'https://i.ytimg.com/vi/IrEFj4zpHgE/hqdefault.jpg', 'width': 480, 'height': 360}, {'url': 'https://i.ytimg.com/vi/IrEFj4zpHgE/sddefault.jpg', 'width': 640, 'height': 480}, {'url': 'https://i.ytimg.com/vi/IrEFj4zpHgE/maxresdefault.jpg', 'width': 1920, 'height': 1080}]",35,32.0,0.12828314,8,2018,10,26
35,Y:Flbb7kQnN9I,Sujeito (Ao Vivo),5220991,WWVKtHukkBo,"[{'kgMid': '/m/0j9m6s7', 'name': 'Gusttavo Lima'}]",True,Ljw_gScEXn4,"[{'url': 'https://i.ytimg.com/vi/WWVKtHukkBo/default.jpg', 'width': 120, 'height': 90}, {'url': 'https://i.ytimg.com/vi/WWVKtHukkBo/mqdefault.jpg', 'width': 320, 'height': 180}, {'url': 'https://i.ytimg.com/vi/WWVKtHukkBo/hqdefault.jpg', 'width': 480, 'height': 360}, {'url': 'https://i.ytimg.com/vi/WWVKtHukkBo/sddefault.jpg', 'width': 640, 'height': 480}, {'url': 'https://i.ytimg.com/vi/WWVKtHukkBo/maxresdefault.jpg', 'width': 1920, 'height': 1080}]",36,42.0,0.3297609,8,2018,10,26
36,Y:ReO6ouO_QIg,Estranho,5064393,2WsIm6pNlI4,"[{'kgMid': '/g/11cnnwp26d', 'name': 'Marília Mendonça'}]",True,5IexrpphXkw,"[{'url': 'https://i.ytimg.com/vi/2WsIm6pNlI4/default.jpg', 'width': 120, 'height': 90}, {'url': 'https://i.ytimg.com/vi/2WsIm6pNlI4/mqdefault.jpg', 'width': 320, 'height': 180}, {'url': 'https://i.ytimg.com/vi/2WsIm6pNlI4/hqdefault.jpg', 'width': 480, 'height': 360}, {'url': 'https://i.ytimg.com/vi/2WsIm6pNlI4/sddefault.jpg', 'width': 640, 'height': 480}, {'url': 'https://i.ytimg.com/vi/2WsIm6pNlI4/maxresdefault.jpg', 'width': 1920, 'height': 1080}]",37,45.0,0.34467143,43,2018,2,23
37,Y:KDEPqwQhYNY,Sapequinha,4910494,eeuyqLI4iQE,"[{'kgMid': '/g/11byhkk3nl', 'name': 'Lexa'}, {'kgMid': '/g/11g9fl0gh5', 'name': 'MC Lan'}]",True,aIFkHwU5Zjw,"[{'url': 'https://i.ytimg.com/vi/eeuyqLI4iQE/default.jpg', 'width': 120, 'height': 90}, {'url': 'https://i.ytimg.com/vi/eeuyqLI4iQE/mqdefault.jpg', 'width': 320, 'height': 180}, {'url': 'https://i.ytimg.com/vi/eeuyqLI4iQE/hqdefault.jpg', 'width': 480, 'height': 360}, {'url': 'https://i.ytimg.com/vi/eeuyqLI4iQE/sddefault.jpg', 'width': 640, 'height': 480}, {'url': 'https://i.ytimg.com/vi/eeuyqLI4iQE/maxresdefault.jpg', 'width': 1920, 'height': 1080}]",38,28.0,0.006464294,23,2018,8,2
38,Y:SuG2n1PbswA,Ouvi Dizer,4877047,vaXCSYva2FM,"[{'kgMid': '/g/11gr6vzdh1', 'name': 'Melim'}]",True,1SOxvbPPutk,"[{'url': 'https://i.ytimg.com/vi/vaXCSYva2FM/default.jpg', 'width': 120, 'height': 90}, {'url': 'https://i.ytimg.com/vi/vaXCSYva2FM/mqdefault.jpg', 'width': 320, 'height': 180}, {'url': 'https://i.ytimg.com/vi/vaXCSYva2FM/hqdefault.jpg', 'width': 480, 'height': 360}, {'url': 'https://i.ytimg.com/vi/vaXCSYva2FM/sddefault.jpg', 'width': 640, 'height': 480}, {'url': 'https://i.ytimg.com/vi/vaXCSYva2FM/maxresdefault.jpg', 'width': 1920, 'height': 1080}]",39,41.0,0.23485175,18,2017,12,8
39,Y:rmxrwuV2EDk,Amor Falso (feat. MC Kevinho),4876310,fOrPSLkuI54,"[{'kgMid': '/m/0124x5pq', 'name': 'Wesley Safadão'}, {'kgMid': '/g/11h0zkvq71', 'name': 'Aldair Playboy'}]",True,4rdIIB30rt0,"[{'url': 'https://i.ytimg.com/vi/fOrPSLkuI54/default.jpg', 'width': 120, 'height': 90}, {'url': 'https://i.ytimg.com/vi/fOrPSLkuI54/mqdefault.jpg', 'width': 320, 'height': 180}, {'url': 'https://i.ytimg.com/vi/fOrPSLkuI54/hqdefault.jpg', 'width': 480, 'height': 360}, {'url': 'https://i.ytimg.com/vi/fOrPSLkuI54/sddefault.jpg', 'width': 640, 'height': 480}, {'url': 'https://i.ytimg.com/vi/fOrPSLkuI54/maxresdefault.jpg', 'width': 1920, 'height': 1080}]",40,39.0,0.12196885,39,2018,5,30
40,Y:eoY2OkHztog,Girls Like You (feat. Cardi B),4876104,aJOTlE1K90k,"[{'kgMid': '/m/02k5sc', 'name': 'Maroon 5'}]",True,XDbW5bXrm7I,"[{'url': 'https://i.ytimg.com/vi/aJOTlE1K90k/default.jpg', 'width': 120, 'height': 90}, {'url': 'https://i.ytimg.com/vi/aJOTlE1K90k/mqdefault.jpg', 'width': 320, 'height': 180}, {'url': 'https://i.ytimg.com/vi/aJOTlE1K90k/hqdefault.jpg', 'width': 480, 'height': 360}, {'url': 'https://i.ytimg.com/vi/aJOTlE1K90k/sddefault.jpg', 'width': 640, 'height': 480}, {'url': 'https://i.ytimg.com/vi/aJOTlE1K90k/maxresdefault.jpg', 'width': 1920, 'height': 1080}]",41,29.0,0.008369537,31,2017,11,3
41,Y:ze_TWvjSzkI,Vai Voltar Chorando,4847049,m-ULSz2gAwQ,"[{'kgMid': '/g/11g9l_xksy', 'name': 'MC Don Juan'}]",True,_FVeBbq4crA,"[{'url': 'https://i.ytimg.com/vi/m-ULSz2gAwQ/default.jpg', 'width': 120, 'height': 90}, {'url': 'https://i.ytimg.com/vi/m-ULSz2gAwQ/mqdefault.jpg', 'width': 320, 'height': 180}, {'url': 'https://i.ytimg.com/vi/m-ULSz2gAwQ/hqdefault.jpg', 'width': 480, 'height': 360}, {'url': 'https://i.ytimg.com/vi/m-ULSz2gAwQ/sddefault.jpg', 'width': 640, 'height': 480}, {'url': 'https://i.ytimg.com/vi/m-ULSz2gAwQ/maxresdefault.jpg', 'width': 1920, 'height': 1080}]",42,33.0,0.045840222,4,2018,12,23
42,Y:37-bazO9koQ,Fuleragem,4762773,4N2iMmHcHys,"[{'kgMid': '/g/11h_cx894k', 'name': 'MC WM'}]",True,a1s6YOczM3c,"[{'url': 'https://i.ytimg.com/vi/4N2iMmHcHys/default.jpg', 'width': 120, 'height': 90}, {'url': 'https://i.ytimg.com/vi/4N2iMmHcHys/mqdefault.jpg', 'width': 320, 'height': 180}, {'url': 'https://i.ytimg.com/vi/4N2iMmHcHys/hqdefault.jpg', 'width': 480, 'height': 360}, {'url': 'https://i.ytimg.com/vi/4N2iMmHcHys/sddefault.jpg', 'width': 640, 'height': 480}, {'url': 'https://i.ytimg.com/vi/4N2iMmHcHys/maxresdefault.jpg', 'width': 1920, 'height': 1080}]",43,38.0,0.08852908,48,2018,2,21
43,Y:Mtd_8YW69gI,Vai Vai Perereca,4740364,Mp_g9qrNZsA,[{'name': 'MC Levin'}],True,zfmLKp1TFeo,"[{'url': 'https://i.ytimg.com/vi/Mp_g9qrNZsA/default.jpg', 'width': 120, 'height': 90}, {'url': 'https://i.ytimg.com/vi/Mp_g9qrNZsA/mqdefault.jpg', 'width': 320, 'height': 180}, {'url': 'https://i.ytimg.com/vi/Mp_g9qrNZsA/hqdefault.jpg', 'width': 480, 'height': 360}, {'url': 'https://i.ytimg.com/vi/Mp_g9qrNZsA/sddefault.jpg', 'width': 640, 'height': 480}, {'url': 'https://i.ytimg.com/vi/Mp_g9qrNZsA/maxresdefault.jpg', 'width': 1920, 'height': 1080}]",44,31.0,0.016372634,13,2018,11,14
44,Y:7jTskrMCYY4,Infarto,4423423,BJfnGsvOmWM,"[{'kgMid': '/g/11h9vqkc4h', 'name': 'Diego & Victor Hugo'}]",True,rxqfLAaBai8,"[{'url': 'https://i.ytimg.com/vi/BJfnGsvOmWM/default.jpg', 'width': 120, 'height': 90}, {'url': 'https://i.ytimg.com/vi/BJfnGsvOmWM/mqdefault.jpg', 'width': 320, 'height': 180}, {'url': 'https://i.ytimg.com/vi/BJfnGsvOmWM/hqdefault.jpg', 'width': 480, 'height': 360}, {'url': 'https://i.ytimg.com/vi/BJfnGsvOmWM/sddefault.jpg', 'width': 640, 'height': 480}, {'url': 'https://i.ytimg.com/vi/BJfnGsvOmWM/maxresdefault.jpg', 'width': 1920, 'height': 1080}]",45,49.0,0.24007635,10,2018,11,3
45,Y:1FDn19C7Xyc,Propaganda (Ao Vivo),4030389,mQr7XemLs8s,"[{'kgMid': '/m/0j9l44h', 'name': 'Jorge & Mateus'}]",True,YbTR3eIzCpI,"[{'url': 'https://i.ytimg.com/vi/mQr7XemLs8s/default.jpg', 'width': 120, 'height': 90}, {'url': 'https://i.ytimg.com/vi/mQr7XemLs8s/mqdefault.jpg', 'width': 320, 'height': 180}, {'url': 'https://i.ytimg.com/vi/mQr7XemLs8s/hqdefault.jpg', 'width': 480, 'height': 360}, {'url': 'https://i.ytimg.com/vi/mQr7XemLs8s/sddefault.jpg', 'width': 640, 'height': 480}, {'url': 'https://i.ytimg.com/vi/mQr7XemLs8s/maxresdefault.jpg', 'width': 1920, 'height': 1080}]",46,44.0,0.04338645,44,2018,2,23
46,Y:PC3DC7b8wyY,Mulher Maravilha,3974476,Fzmvv8fSyQs,"[{'kgMid': '/g/11c602sm4t', 'name': 'Zé Neto & Cristiano'}]",True,6-csKseVMWk,"[{'url': 'https://i.ytimg.com/vi/Fzmvv8fSyQs/default.jpg', 'width': 120, 'height': 90}, {'url': 'https://i.ytimg.com/vi/Fzmvv8fSyQs/mqdefault.jpg', 'width': 320, 'height': 180}, {'url': 'https://i.ytimg.com/vi/Fzmvv8fSyQs/hqdefault.jpg', 'width': 480, 'height': 360}, {'url': 'https://i.ytimg.com/vi/Fzmvv8fSyQs/sddefault.jpg', 'width': 640, 'height': 480}, {'url': 'https://i.ytimg.com/vi/Fzmvv8fSyQs/maxresdefault.jpg', 'width': 1920, 'height': 1080}]",47,,0.2508158,25,2018,7,13
47,Y:HMOApugPRpM,Na Hora de Amar,3843078,Uo7U7ruedic,"[{'kgMid': '/m/0j9m6s7', 'name': 'Gusttavo Lima'}]",True,na-nmo5maYE,"[{'url': 'https://i.ytimg.com/vi/Uo7U7ruedic/default.jpg', 'width': 120, 'height': 90}, {'url': 'https://i.ytimg.com/vi/Uo7U7ruedic/mqdefault.jpg', 'width': 320, 'height': 180}, {'url': 'https://i.ytimg.com/vi/Uo7U7ruedic/hqdefault.jpg', 'width': 480, 'height': 360}, {'url': 'https://i.ytimg.com/vi/Uo7U7ruedic/sddefault.jpg', 'width': 640, 'height': 480}, {'url': 'https://i.ytimg.com/vi/Uo7U7ruedic/maxresdefault.jpg', 'width': 1920, 'height': 1080}]",48,48.0,0.06683297,3,2018,10,26
48,Y:T0B6-hLwbHk,Deus de Promessas (feat. Simone),3767691,meiqsELWxNs,"[{'kgMid': '/m/0dntv_d', 'name': 'Davi Sacer'}]",True,PV-mNF4AAfE,"[{'url': 'https://i.ytimg.com/vi/meiqsELWxNs/default.jpg', 'width': 120, 'height': 90}, {'url': 'https://i.ytimg.com/vi/meiqsELWxNs/mqdefault.jpg', 'width': 320, 'height': 180}, {'url': 'https://i.ytimg.com/vi/meiqsELWxNs/hqdefault.jpg', 'width': 480, 'height': 360}, {'url': 'https://i.ytimg.com/vi/meiqsELWxNs/sddefault.jpg', 'width': 640, 'height': 480}, {'url': 'https://i.ytimg.com/vi/meiqsELWxNs/maxresdefault.jpg', 'width': 1920, 'height': 1080}]",49,54.0,0.23280814,14,2018,10,4
49,Y:fS3mNef3wrk,Confia Na Tua Amiguinha,3735799,bp65FRuWYGw,"[{'kgMid': '/g/11g9l_xksy', 'name': 'MC Don Juan'}]",True,quiyCi9wPaQ,"[{'url': 'https://i.ytimg.com/vi/bp65FRuWYGw/default.jpg', 'width': 120, 'height': 90}, {'url': 'https://i.ytimg.com/vi/bp65FRuWYGw/mqdefault.jpg', 'width': 320, 'height': 180}, {'url': 'https://i.ytimg.com/vi/bp65FRuWYGw/hqdefault.jpg', 'width': 480, 'height': 360}, {'url': 'https://i.ytimg.com/vi/bp65FRuWYGw/sddefault.jpg', 'width': 640, 'height': 480}, {'url': 'https://i.ytimg.com/vi/bp65FRuWYGw/maxresdefault.jpg', 'width': 1920, 'height': 1080}]",50,43.0,-0.042208422,6,2018,11,29
50,Y:HYQNxE5Ler8,DERRETER A ALIANÇA,3620366,r8sBbmkTjQ0,"[{'kgMid': '/g/11c602sm4t', 'name': 'Zé Neto & Cristiano'}]",True,Po6EwlHXRLQ,"[{'url': 'https://i.ytimg.com/vi/r8sBbmkTjQ0/default.jpg', 'width': 120, 'height': 90}, {'url': 'https://i.ytimg.com/vi/r8sBbmkTjQ0/mqdefault.jpg', 'width': 320, 'height': 180}, {'url': 'https://i.ytimg.com/vi/r8sBbmkTjQ0/hqdefault.jpg', 'width': 480, 'height': 360}, {'url': 'https://i.ytimg.com/vi/r8sBbmkTjQ0/sddefault.jpg', 'width': 640, 'height': 480}, {'url': 'https://i.ytimg.com/vi/r8sBbmkTjQ0/maxresdefault.jpg', 'width': 1920, 'height': 1080}]",51,,0.4013367,24,2018,5,18
51,Y:zXyPjjjE78c,Pra você acreditar,3564298,uLcJIqdFpFM,"[{'kgMid': '/g/11f4v4x7mq', 'name': 'Ferrugem'}]",True,X64vNtPIm7Q,"[{'url': 'https://i.ytimg.com/vi/uLcJIqdFpFM/default.jpg', 'width': 120, 'height': 90}, {'url': 'https://i.ytimg.com/vi/uLcJIqdFpFM/mqdefault.jpg', 'width': 320, 'height': 180}, {'url': 'https://i.ytimg.com/vi/uLcJIqdFpFM/hqdefault.jpg', 'width': 480, 'height': 360}, {'url': 'https://i.ytimg.com/vi/uLcJIqdFpFM/sddefault.jpg', 'width': 640, 'height': 480}, {'url': 'https://i.ytimg.com/vi/uLcJIqdFpFM/maxresdefault.jpg', 'width': 1920, 'height': 1080}]",52,,0.25991803,21,2018,3,16
52,Y:i0DeJ3jlIBk,Partiu Guarujá (feat. Mitico DJ),3563393,4rUp3aUCFuc,"[{'kgMid': '/g/11b7_v3lwg', 'name': 'Mc Dede'}, {'name': 'MC Menor MR'}]",True,alfzWOfUCdk,"[{'url': 'https://i.ytimg.com/vi/4rUp3aUCFuc/default.jpg', 'width': 120, 'height': 90}, {'url': 'https://i.ytimg.com/vi/4rUp3aUCFuc/mqdefault.jpg', 'width': 320, 'height': 180}, {'url': 'https://i.ytimg.com/vi/4rUp3aUCFuc/hqdefault.jpg', 'width': 480, 'height': 360}, {'url': 'https://i.ytimg.com/vi/4rUp3aUCFuc/sddefault.jpg', 'width': 640, 'height': 480}, {'url': 'https://i.ytimg.com/vi/4rUp3aUCFuc/maxresdefault.jpg', 'width': 1920, 'height': 1080}]",53,53.0,0.13315251,3,2018,12,28
53,Y:h1014P7S-OA,BYE BYE,3399129,tnfbhjbbmu4,"[{'kgMid': '/g/11cnnwp26d', 'name': 'Marília Mendonça'}]",True,n2so6kU2E5o,"[{'url': 'https://i.ytimg.com/vi/tnfbhjbbmu4/default.jpg', 'width': 120, 'height': 90}, {'url': 'https://i.ytimg.com/vi/tnfbhjbbmu4/mqdefault.jpg', 'width': 320, 'height': 180}, {'url': 'https://i.ytimg.com/vi/tnfbhjbbmu4/hqdefault.jpg', 'width': 480, 'height': 360}, {'url': 'https://i.ytimg.com/vi/tnfbhjbbmu4/sddefault.jpg', 'width': 640, 'height': 480}, {'url': 'https://i.ytimg.com/vi/tnfbhjbbmu4/maxresdefault.jpg', 'width': 1920, 'height': 1080}]",54,50.0,-0.03301864,14,2018,10,11
54,Y:wXDO-Kut5qs,Deus e Eu,3387513,yovzEEYOl-E,"[{'kgMid': '/g/11bvt5dbv2', 'name': 'Leandro Borges'}]",True,lPXx27RAxPE,"[{'url': 'https://i.ytimg.com/vi/yovzEEYOl-E/default.jpg', 'width': 120, 'height': 90}, {'url': 'https://i.ytimg.com/vi/yovzEEYOl-E/mqdefault.jpg', 'width': 320, 'height': 180}, {'url': 'https://i.ytimg.com/vi/yovzEEYOl-E/hqdefault.jpg', 'width': 480, 'height': 360}, {'url': 'https://i.ytimg.com/vi/yovzEEYOl-E/sddefault.jpg', 'width': 640, 'height': 480}, {'url': 'https://i.ytimg.com/vi/yovzEEYOl-E/maxresdefault.jpg', 'width': 1920, 'height': 1080}]",55,69.0,0.37508586,24,2018,3,15
55,Y:jJmIo7pCopg,Lençol Dobrado,3378542,-CbZj9I5wlA,"[{'name': 'ANALAGA'}, {'kgMid': '/g/11cn9rtzrb', 'name': 'João Gustavo & Murilo'}]",True,w2qeKaiKeao,"[{'url': 'https://i.ytimg.com/vi/-CbZj9I5wlA/default.jpg', 'width': 120, 'height': 90}, {'url': 'https://i.ytimg.com/vi/-CbZj9I5wlA/mqdefault.jpg', 'width': 320, 'height': 180}, {'url': 'https://i.ytimg.com/vi/-CbZj9I5wlA/hqdefault.jpg', 'width': 480, 'height': 360}, {'url': 'https://i.ytimg.com/vi/-CbZj9I5wlA/sddefault.jpg', 'width': 640, 'height': 480}, {'url': 'https://i.ytimg.com/vi/-CbZj9I5wlA/maxresdefault.jpg', 'width': 1920, 'height': 1080}]",56,51.0,-0.018197056,8,2018,6,8
56,Y:tgwuHK-uyog,CASA DA MÃE JOANA (feat. Henrique & Juliano),3377699,hdjERtU7lMk,"[{'kgMid': '/g/11cnnwp26d', 'name': 'Marília Mendonça'}]",True,EkhxIkUTyKM,"[{'url': 'https://i.ytimg.com/vi/hdjERtU7lMk/default.jpg', 'width': 120, 'height': 90}, {'url': 'https://i.ytimg.com/vi/hdjERtU7lMk/mqdefault.jpg', 'width': 320, 'height': 180}, {'url': 'https://i.ytimg.com/vi/hdjERtU7lMk/hqdefault.jpg', 'width': 480, 'height': 360}, {'url': 'https://i.ytimg.com/vi/hdjERtU7lMk/sddefault.jpg', 'width': 640, 'height': 480}, {'url': 'https://i.ytimg.com/vi/hdjERtU7lMk/maxresdefault.jpg', 'width': 1920, 'height': 1080}]",57,66.0,0.33680362,18,2018,9,14
57,Y:KE_u9V3P2F4,Areia Branquinha,3280525,fZY8DsJyVEk,"[{'kgMid': '/g/11bv0tdh2n', 'name': 'MC PP da VS'}]",True,MgWIYUzOnhg,"[{'url': 'https://i.ytimg.com/vi/fZY8DsJyVEk/default.jpg', 'width': 120, 'height': 90}, {'url': 'https://i.ytimg.com/vi/fZY8DsJyVEk/mqdefault.jpg', 'width': 320, 'height': 180}, {'url': 'https://i.ytimg.com/vi/fZY8DsJyVEk/hqdefault.jpg', 'width': 480, 'height': 360}, {'url': 'https://i.ytimg.com/vi/fZY8DsJyVEk/sddefault.jpg', 'width': 640, 'height': 480}, {'url': 'https://i.ytimg.com/vi/fZY8DsJyVEk/maxresdefault.jpg', 'width': 1920, 'height': 1080}]",58,46.0,-0.106057726,7,2018,11,2
58,Y:2F5Y4Zbf1X4,Vamos pra Gaiola (feat. FP do Trem Bala),3266891,0R6zBcV9JiY,[{'name': 'MC Kevin o Chris'}],True,w7nfGddPImA,"[{'url': 'https://i.ytimg.com/vi/0R6zBcV9JiY/default.jpg', 'width': 120, 'height': 90}, {'url': 'https://i.ytimg.com/vi/0R6zBcV9JiY/mqdefault.jpg', 'width': 320, 'height': 180}, {'url': 'https://i.ytimg.com/vi/0R6zBcV9JiY/hqdefault.jpg', 'width': 480, 'height': 360}, {'url': 'https://i.ytimg.com/vi/0R6zBcV9JiY/sddefault.jpg', 'width': 640, 'height': 480}, {'url': 'https://i.ytimg.com/vi/0R6zBcV9JiY/maxresdefault.jpg', 'width': 1920, 'height': 1080}]",59,59.0,0.12310609,2,2018,12,13
59,Y:MHqHWn_7btU,Vou Falar pra Tu,3208882,M5cXtRgZ3a8,[{'name': 'Jerry Smith'}],True,nrC9_QafoVw,"[{'url': 'https://i.ytimg.com/vi/M5cXtRgZ3a8/default.jpg', 'width': 120, 'height': 90}, {'url': 'https://i.ytimg.com/vi/M5cXtRgZ3a8/mqdefault.jpg', 'width': 320, 'height': 180}, {'url': 'https://i.ytimg.com/vi/M5cXtRgZ3a8/hqdefault.jpg', 'width': 480, 'height': 360}, {'url': 'https://i.ytimg.com/vi/M5cXtRgZ3a8/sddefault.jpg', 'width': 640, 'height': 480}, {'url': 'https://i.ytimg.com/vi/M5cXtRgZ3a8/maxresdefault.jpg', 'width': 1920, 'height': 1080}]",60,61.0,0.19101079,11,2018,8,3
60,Y:ms3RS0Jlet4,Coisa Boa,3129757,2T9b47ZtwQU,"[{'kgMid': '/g/11g7ks3ysy', 'name': 'Gloria Groove'}]",True,4-T073l9QuY,"[{'url': 'https://i.ytimg.com/vi/2T9b47ZtwQU/default.jpg', 'width': 120, 'height': 90}, {'url': 'https://i.ytimg.com/vi/2T9b47ZtwQU/mqdefault.jpg', 'width': 320, 'height': 180}, {'url': 'https://i.ytimg.com/vi/2T9b47ZtwQU/hqdefault.jpg', 'width': 480, 'height': 360}]",61,,,1,2019,1,10
61,Y:9bxZYd3uHpI,A Vitória Chegou,3068997,bjVvUDXqU74,"[{'kgMid': '/g/11gfj5bltt', 'name': 'Aurelina Dourado'}, {'kgMid': '/g/11fd7222l9', 'name': 'Luanna Dourado'}]",True,RrETuIC5qyA,"[{'url': 'https://i.ytimg.com/vi/bjVvUDXqU74/default.jpg', 'width': 120, 'height': 90}, {'url': 'https://i.ytimg.com/vi/bjVvUDXqU74/mqdefault.jpg', 'width': 320, 'height': 180}, {'url': 'https://i.ytimg.com/vi/bjVvUDXqU74/hqdefault.jpg', 'width': 480, 'height': 360}, {'url': 'https://i.ytimg.com/vi/bjVvUDXqU74/sddefault.jpg', 'width': 640, 'height': 480}, {'url': 'https://i.ytimg.com/vi/bjVvUDXqU74/maxresdefault.jpg', 'width': 1920, 'height': 1080}]",62,,0.29955518,22,2014,5,6
62,Y:AMZ8-HGMCVQ,Casal Bonnie e Clyde,3060292,74UBSFiYyYA,"[{'kgMid': '/g/11f122x7gd', 'name': 'MC Magal'}]",True,ZEBqyP87CL0,"[{'url': 'https://i.ytimg.com/vi/74UBSFiYyYA/default.jpg', 'width': 120, 'height': 90}, {'url': 'https://i.ytimg.com/vi/74UBSFiYyYA/mqdefault.jpg', 'width': 320, 'height': 180}, {'url': 'https://i.ytimg.com/vi/74UBSFiYyYA/hqdefault.jpg', 'width': 480, 'height': 360}, {'url': 'https://i.ytimg.com/vi/74UBSFiYyYA/sddefault.jpg', 'width': 640, 'height': 480}, {'url': 'https://i.ytimg.com/vi/74UBSFiYyYA/maxresdefault.jpg', 'width': 1920, 'height': 1080}]",63,64.0,0.18193541,3,2018,8,29
63,Y:Yc8NF3F8LOU,A Entrega,2997792,Kop-yS5f72M,"[{'kgMid': '/g/11gn259b0w', 'name': 'Mc Alê'}, {'kgMid': '/g/11b7_snwcl', 'name': 'MC Rodolfinho'}]",True,,"[{'url': 'https://i.ytimg.com/vi/Kop-yS5f72M/default.jpg', 'width': 120, 'height': 90}, {'url': 'https://i.ytimg.com/vi/Kop-yS5f72M/mqdefault.jpg', 'width': 320, 'height': 180}, {'url': 'https://i.ytimg.com/vi/Kop-yS5f72M/hqdefault.jpg', 'width': 480, 'height': 360}, {'url': 'https://i.ytimg.com/vi/Kop-yS5f72M/sddefault.jpg', 'width': 640, 'height': 480}, {'url': 'https://i.ytimg.com/vi/Kop-yS5f72M/maxresdefault.jpg', 'width': 1920, 'height': 1080}]",64,55.0,-0.0136009455,9,2018,11,16
64,Y:_qP10Ka0BXc,Chovendo Inimigo,2884630,6xIpNmaid8M,"[{'kgMid': '/g/12lqjt13t', 'name': 'Hungria Hip-Hop'}]",True,68rwavU-whQ,"[{'url': 'https://i.ytimg.com/vi/6xIpNmaid8M/default.jpg', 'width': 120, 'height': 90}, {'url': 'https://i.ytimg.com/vi/6xIpNmaid8M/mqdefault.jpg', 'width': 320, 'height': 180}, {'url': 'https://i.ytimg.com/vi/6xIpNmaid8M/hqdefault.jpg', 'width': 480, 'height': 360}]",65,56.0,-0.044366937,7,2018,11,30
65,Y:5S93gDIpnrU,Rabetão no Chão,2855762,WShaSHBLXG4,"[{'kgMid': '/g/11c2nn_kzf', 'name': 'Mc Th'}, {'name': 'MC Menininho'}, {'name': 'DJ Victor Falcao'}]",True,_4IPznWpOGM,"[{'url': 'https://i.ytimg.com/vi/WShaSHBLXG4/default.jpg', 'width': 120, 'height': 90}, {'url': 'https://i.ytimg.com/vi/WShaSHBLXG4/mqdefault.jpg', 'width': 320, 'height': 180}, {'url': 'https://i.ytimg.com/vi/WShaSHBLXG4/hqdefault.jpg', 'width': 480, 'height': 360}, {'url': 'https://i.ytimg.com/vi/WShaSHBLXG4/sddefault.jpg', 'width': 640, 'height': 480}, {'url': 'https://i.ytimg.com/vi/WShaSHBLXG4/maxresdefault.jpg', 'width': 1920, 'height': 1080}]",66,57.0,-0.037234098,16,2018,8,20
66,Y:cXltU1LNy6A,Meio Caminho Andado (Ao Vivo),2855069,lkspQll5GWo,"[{'kgMid': '/g/11g0mh8knm', 'name': 'Enzo Rabelo'}]",True,,"[{'url': 'https://i.ytimg.com/vi/lkspQll5GWo/default.jpg', 'width': 120, 'height': 90}, {'url': 'https://i.ytimg.com/vi/lkspQll5GWo/mqdefault.jpg', 'width': 320, 'height': 180}, {'url': 'https://i.ytimg.com/vi/lkspQll5GWo/hqdefault.jpg', 'width': 480, 'height': 360}, {'url': 'https://i.ytimg.com/vi/lkspQll5GWo/sddefault.jpg', 'width': 640, 'height': 480}, {'url': 'https://i.ytimg.com/vi/lkspQll5GWo/maxresdefault.jpg', 'width': 1920, 'height': 1080}]",67,,0.2951583,22,2018,6,8
67,Y:2bVWiSHfQbo,Roda Gigante,2839946,Pt6DGd9VG-U,"[{'kgMid': '/g/11b7_snwcl', 'name': 'MC Rodolfinho'}]",True,XDOvt6zB6WQ,"[{'url': 'https://i.ytimg.com/vi/Pt6DGd9VG-U/default.jpg', 'width': 120, 'height': 90}, {'url': 'https://i.ytimg.com/vi/Pt6DGd9VG-U/mqdefault.jpg', 'width': 320, 'height': 180}, {'url': 'https://i.ytimg.com/vi/Pt6DGd9VG-U/hqdefault.jpg', 'width': 480, 'height': 360}, {'url': 'https://i.ytimg.com/vi/Pt6DGd9VG-U/sddefault.jpg', 'width': 640, 'height': 480}, {'url': 'https://i.ytimg.com/vi/Pt6DGd9VG-U/maxresdefault.jpg', 'width': 1920, 'height': 1080}]",68,58.0,-0.040205996,9,2018,10,26
68,Y:hqfWehl63gc,Veneno,2707309,LoYYtYjB3h4,"[{'kgMid': '/g/11f10lszn1', 'name': 'Anitta'}]",True,-PLXwKIkZz8,"[{'url': 'https://i.ytimg.com/vi/LoYYtYjB3h4/default.jpg', 'width': 120, 'height': 90}, {'url': 'https://i.ytimg.com/vi/LoYYtYjB3h4/mqdefault.jpg', 'width': 320, 'height': 180}, {'url': 'https://i.ytimg.com/vi/LoYYtYjB3h4/hqdefault.jpg', 'width': 480, 'height': 360}, {'url': 'https://i.ytimg.com/vi/LoYYtYjB3h4/sddefault.jpg', 'width': 640, 'height': 480}, {'url': 'https://i.ytimg.com/vi/LoYYtYjB3h4/maxresdefault.jpg', 'width': 1920, 'height': 1080}]",69,63.0,0.02840927,9,2018,11,8
69,Y:5f1wacUTmF8,Provocar (feat. Gloria Groove),2627915,ot671xup5No,"[{'kgMid': '/g/11byhkk3nl', 'name': 'Lexa'}]",True,wZYETPO-joE,"[{'url': 'https://i.ytimg.com/vi/ot671xup5No/default.jpg', 'width': 120, 'height': 90}, {'url': 'https://i.ytimg.com/vi/ot671xup5No/mqdefault.jpg', 'width': 320, 'height': 180}, {'url': 'https://i.ytimg.com/vi/ot671xup5No/hqdefault.jpg', 'width': 480, 'height': 360}, {'url': 'https://i.ytimg.com/vi/ot671xup5No/sddefault.jpg', 'width': 640, 'height': 480}, {'url': 'https://i.ytimg.com/vi/ot671xup5No/maxresdefault.jpg', 'width': 1920, 'height': 1080}]",70,74.0,0.15950812,8,2018,11,21
70,Y:AwmrQLhO2pc,Mil Vezes Cantarei,2604895,qjD3r5R9ISo,"[{'kgMid': '/m/0j9m6s7', 'name': 'Gusttavo Lima'}]",True,pyaRy5NAOQ8,"[{'url': 'https://i.ytimg.com/vi/qjD3r5R9ISo/default.jpg', 'width': 120, 'height': 90}, {'url': 'https://i.ytimg.com/vi/qjD3r5R9ISo/mqdefault.jpg', 'width': 320, 'height': 180}, {'url': 'https://i.ytimg.com/vi/qjD3r5R9ISo/hqdefault.jpg', 'width': 480, 'height': 360}, {'url': 'https://i.ytimg.com/vi/qjD3r5R9ISo/sddefault.jpg', 'width': 640, 'height': 480}, {'url': 'https://i.ytimg.com/vi/qjD3r5R9ISo/maxresdefault.jpg', 'width': 1920, 'height': 1080}]",71,67.0,0.04793753,5,2018,10,26
71,Y:6Vluz5gZKWc,Olha Ela Aí,2580294,bDe_M-eac8I,"[{'kgMid': '/m/01sz99q', 'name': 'Eduardo Costa'}]",True,14UF0k4qbCY,"[{'url': 'https://i.ytimg.com/vi/bDe_M-eac8I/default.jpg', 'width': 120, 'height': 90}, {'url': 'https://i.ytimg.com/vi/bDe_M-eac8I/mqdefault.jpg', 'width': 320, 'height': 180}, {'url': 'https://i.ytimg.com/vi/bDe_M-eac8I/hqdefault.jpg', 'width': 480, 'height': 360}, {'url': 'https://i.ytimg.com/vi/bDe_M-eac8I/sddefault.jpg', 'width': 640, 'height': 480}, {'url': 'https://i.ytimg.com/vi/bDe_M-eac8I/maxresdefault.jpg', 'width': 1920, 'height': 1080}]",72,81.0,0.33953708,9,2018,5,15
72,Y:zGCbQoCcA1s,Pirata e tesouro,2544777,l205wwjGzz8,"[{'kgMid': '/g/11f4v4x7mq', 'name': 'Ferrugem'}]",True,RgJOC-Wqs2U,"[{'url': 'https://i.ytimg.com/vi/l205wwjGzz8/default.jpg', 'width': 120, 'height': 90}, {'url': 'https://i.ytimg.com/vi/l205wwjGzz8/mqdefault.jpg', 'width': 320, 'height': 180}, {'url': 'https://i.ytimg.com/vi/l205wwjGzz8/hqdefault.jpg', 'width': 480, 'height': 360}, {'url': 'https://i.ytimg.com/vi/l205wwjGzz8/sddefault.jpg', 'width': 640, 'height': 480}, {'url': 'https://i.ytimg.com/vi/l205wwjGzz8/maxresdefault.jpg', 'width': 1920, 'height': 1080}]",73,,0.13905218,32,2017,12,15
73,Y:nwIUI46Py1Q,Sinto sua falta,2530837,TAoMWdTYqRE,"[{'kgMid': '/g/11f4v4x7mq', 'name': 'Ferrugem'}]",True,2wi1P5AW8JA,"[{'url': 'https://i.ytimg.com/vi/TAoMWdTYqRE/default.jpg', 'width': 120, 'height': 90}, {'url': 'https://i.ytimg.com/vi/TAoMWdTYqRE/mqdefault.jpg', 'width': 320, 'height': 180}, {'url': 'https://i.ytimg.com/vi/TAoMWdTYqRE/hqdefault.jpg', 'width': 480, 'height': 360}, {'url': 'https://i.ytimg.com/vi/TAoMWdTYqRE/sddefault.jpg', 'width': 640, 'height': 480}, {'url': 'https://i.ytimg.com/vi/TAoMWdTYqRE/maxresdefault.jpg', 'width': 1920, 'height': 1080}]",74,,0.14804158,24,2018,3,16
74,Y:aTRPGEc2S3Y,Boa Menina,2511200,oGn9wIG2FDU,"[{'kgMid': '/g/11fy_qdm4z', 'name': 'Luísa Sonza'}]",True,pjiwETjDfp8,"[{'url': 'https://i.ytimg.com/vi/oGn9wIG2FDU/default.jpg', 'width': 120, 'height': 90}, {'url': 'https://i.ytimg.com/vi/oGn9wIG2FDU/mqdefault.jpg', 'width': 320, 'height': 180}, {'url': 'https://i.ytimg.com/vi/oGn9wIG2FDU/hqdefault.jpg', 'width': 480, 'height': 360}, {'url': 'https://i.ytimg.com/vi/oGn9wIG2FDU/sddefault.jpg', 'width': 640, 'height': 480}, {'url': 'https://i.ytimg.com/vi/oGn9wIG2FDU/maxresdefault.jpg', 'width': 1920, 'height': 1080}]",75,70.0,0.052890208,12,2018,10,29
75,Y:WMgx7zhKzt8,Taki Taki,2497055,ixkoVwKQaJg,"[{'kgMid': '/m/01w65jh', 'name': 'DJ Snake'}]",True,MhzjE9hZhrE,"[{'url': 'https://i.ytimg.com/vi/ixkoVwKQaJg/default.jpg', 'width': 120, 'height': 90}, {'url': 'https://i.ytimg.com/vi/ixkoVwKQaJg/mqdefault.jpg', 'width': 320, 'height': 180}, {'url': 'https://i.ytimg.com/vi/ixkoVwKQaJg/hqdefault.jpg', 'width': 480, 'height': 360}, {'url': 'https://i.ytimg.com/vi/ixkoVwKQaJg/sddefault.jpg', 'width': 640, 'height': 480}, {'url': 'https://i.ytimg.com/vi/ixkoVwKQaJg/maxresdefault.jpg', 'width': 1920, 'height': 1080}]",76,60.0,-0.11905512,14,2018,9,28
76,Y:vssm0JZSP1E,Ausência,2474929,wje4zcGgSqA,"[{'kgMid': '/g/11cnnwp26d', 'name': 'Marília Mendonça'}]",True,xVzYjwoRq5I,"[{'url': 'https://i.ytimg.com/vi/wje4zcGgSqA/default.jpg', 'width': 120, 'height': 90}, {'url': 'https://i.ytimg.com/vi/wje4zcGgSqA/mqdefault.jpg', 'width': 320, 'height': 180}, {'url': 'https://i.ytimg.com/vi/wje4zcGgSqA/hqdefault.jpg', 'width': 480, 'height': 360}, {'url': 'https://i.ytimg.com/vi/wje4zcGgSqA/sddefault.jpg', 'width': 640, 'height': 480}, {'url': 'https://i.ytimg.com/vi/wje4zcGgSqA/maxresdefault.jpg', 'width': 1920, 'height': 1080}]",77,,0.41538554,33,2018,2,23
77,Y:u8EXUyruTNU,Dá Uma Chance,2474875,LD0ZSIupa5I,[{'name': 'Ruanzinho'}],True,m6Jr2MUOSKE,"[{'url': 'https://i.ytimg.com/vi/LD0ZSIupa5I/default.jpg', 'width': 120, 'height': 90}, {'url': 'https://i.ytimg.com/vi/LD0ZSIupa5I/mqdefault.jpg', 'width': 320, 'height': 180}, {'url': 'https://i.ytimg.com/vi/LD0ZSIupa5I/hqdefault.jpg', 'width': 480, 'height': 360}, {'url': 'https://i.ytimg.com/vi/LD0ZSIupa5I/sddefault.jpg', 'width': 640, 'height': 480}, {'url': 'https://i.ytimg.com/vi/LD0ZSIupa5I/maxresdefault.jpg', 'width': 1920, 'height': 1080}]",78,65.0,-0.038463406,8,2018,10,11
78,Y:AFjQl6-puAI,Sofazinho Live (feat. Jorge & Mateus),2355508,zFjqdEplaHc,"[{'kgMid': '/m/0gh91m8', 'name': 'Luan Santana'}]",True,KRCXyWtP02s,"[{'url': 'https://i.ytimg.com/vi/zFjqdEplaHc/default.jpg', 'width': 120, 'height': 90}, {'url': 'https://i.ytimg.com/vi/zFjqdEplaHc/mqdefault.jpg', 'width': 320, 'height': 180}, {'url': 'https://i.ytimg.com/vi/zFjqdEplaHc/hqdefault.jpg', 'width': 480, 'height': 360}, {'url': 'https://i.ytimg.com/vi/zFjqdEplaHc/sddefault.jpg', 'width': 640, 'height': 480}, {'url': 'https://i.ytimg.com/vi/zFjqdEplaHc/maxresdefault.jpg', 'width': 1920, 'height': 1080}]",79,76.0,0.10468671,18,2018,9,4
79,Y:0Scra6jfn8A,Tira de Giro,2345520,muF5Xuf5qUY,"[{'kgMid': '/g/11bt_7r7wh', 'name': 'MC Hariel'}]",True,juScsPxQYGc,"[{'url': 'https://i.ytimg.com/vi/muF5Xuf5qUY/default.jpg', 'width': 120, 'height': 90}, {'url': 'https://i.ytimg.com/vi/muF5Xuf5qUY/mqdefault.jpg', 'width': 320, 'height': 180}, {'url': 'https://i.ytimg.com/vi/muF5Xuf5qUY/hqdefault.jpg', 'width': 480, 'height': 360}, {'url': 'https://i.ytimg.com/vi/muF5Xuf5qUY/sddefault.jpg', 'width': 640, 'height': 480}, {'url': 'https://i.ytimg.com/vi/muF5Xuf5qUY/maxresdefault.jpg', 'width': 1920, 'height': 1080}]",80,62.0,-0.12778226,5,2018,12,12
80,Y:rk6N9ptf6Bo,10 Anos,2331936,qjR293JgSRo,"[{'kgMid': '/m/0j9m6s7', 'name': 'Gusttavo Lima'}]",True,wgnJYPVL7m8,"[{'url': 'https://i.ytimg.com/vi/qjR293JgSRo/default.jpg', 'width': 120, 'height': 90}, {'url': 'https://i.ytimg.com/vi/qjR293JgSRo/mqdefault.jpg', 'width': 320, 'height': 180}, {'url': 'https://i.ytimg.com/vi/qjR293JgSRo/hqdefault.jpg', 'width': 480, 'height': 360}, {'url': 'https://i.ytimg.com/vi/qjR293JgSRo/sddefault.jpg', 'width': 640, 'height': 480}, {'url': 'https://i.ytimg.com/vi/qjR293JgSRo/maxresdefault.jpg', 'width': 1920, 'height': 1080}]",81,75.0,0.042616557,8,2018,10,26
81,Y:w-vX5_XUdyQ,Kikadinha,2306534,DsfpR4gY8zM,[{'name': 'Jerry Smith'}],True,aMOu1FdKkZo,"[{'url': 'https://i.ytimg.com/vi/DsfpR4gY8zM/default.jpg', 'width': 120, 'height': 90}, {'url': 'https://i.ytimg.com/vi/DsfpR4gY8zM/mqdefault.jpg', 'width': 320, 'height': 180}, {'url': 'https://i.ytimg.com/vi/DsfpR4gY8zM/hqdefault.jpg', 'width': 480, 'height': 360}, {'url': 'https://i.ytimg.com/vi/DsfpR4gY8zM/sddefault.jpg', 'width': 640, 'height': 480}, {'url': 'https://i.ytimg.com/vi/DsfpR4gY8zM/maxresdefault.jpg', 'width': 1920, 'height': 1080}]",82,,0.11407819,22,2018,6,12
82,Y:eins4SxDDTk,Não Atende Não (Ao Vivo),2303203,T8U49ae5Ow8,"[{'kgMid': '/m/0124x5pq', 'name': 'Wesley Safadão'}]",True,z6vR9IiklwA,"[{'url': 'https://i.ytimg.com/vi/T8U49ae5Ow8/default.jpg', 'width': 120, 'height': 90}, {'url': 'https://i.ytimg.com/vi/T8U49ae5Ow8/mqdefault.jpg', 'width': 320, 'height': 180}, {'url': 'https://i.ytimg.com/vi/T8U49ae5Ow8/hqdefault.jpg', 'width': 480, 'height': 360}, {'url': 'https://i.ytimg.com/vi/T8U49ae5Ow8/sddefault.jpg', 'width': 640, 'height': 480}, {'url': 'https://i.ytimg.com/vi/T8U49ae5Ow8/maxresdefault.jpg', 'width': 1920, 'height': 1080}]",83,,-0.081061356,8,2018,9,12
83,Y:OqgXaloCM58,Quero Conhecer Jesus,2287266,rBVjbjGVVjo,[{'name': 'Alessandro Vilas Boas'}],True,yUx6zL94_qE,"[{'url': 'https://i.ytimg.com/vi/rBVjbjGVVjo/default.jpg', 'width': 120, 'height': 90}, {'url': 'https://i.ytimg.com/vi/rBVjbjGVVjo/mqdefault.jpg', 'width': 320, 'height': 180}, {'url': 'https://i.ytimg.com/vi/rBVjbjGVVjo/hqdefault.jpg', 'width': 480, 'height': 360}, {'url': 'https://i.ytimg.com/vi/rBVjbjGVVjo/sddefault.jpg', 'width': 640, 'height': 480}, {'url': 'https://i.ytimg.com/vi/rBVjbjGVVjo/maxresdefault.jpg', 'width': 1920, 'height': 1080}]",84,80.0,0.17333479,17,2017,6,13
84,Y:ySU2GaJKbxc,Dona de mim,2185987,FnGfgb_YNE8,"[{'kgMid': '/g/11gc9g8dkg', 'name': 'IZA'}]",True,UV6Ok427KQM,"[{'url': 'https://i.ytimg.com/vi/FnGfgb_YNE8/default.jpg', 'width': 120, 'height': 90}, {'url': 'https://i.ytimg.com/vi/FnGfgb_YNE8/mqdefault.jpg', 'width': 320, 'height': 180}, {'url': 'https://i.ytimg.com/vi/FnGfgb_YNE8/hqdefault.jpg', 'width': 480, 'height': 360}, {'url': 'https://i.ytimg.com/vi/FnGfgb_YNE8/sddefault.jpg', 'width': 640, 'height': 480}, {'url': 'https://i.ytimg.com/vi/FnGfgb_YNE8/maxresdefault.jpg', 'width': 1920, 'height': 1080}]",85,68.0,-0.116255894,16,2018,4,27
85,Y:3Xl541nNXj8,Caso Indefinido (Ao Vivo),2174956,2iUAbkwfxcY,"[{'kgMid': '/m/0qjjymk', 'name': 'Cristiano Araújo'}]",True,GRy7KMoGDaQ,"[{'url': 'https://i.ytimg.com/vi/2iUAbkwfxcY/default.jpg', 'width': 120, 'height': 90}, {'url': 'https://i.ytimg.com/vi/2iUAbkwfxcY/mqdefault.jpg', 'width': 320, 'height': 180}, {'url': 'https://i.ytimg.com/vi/2iUAbkwfxcY/hqdefault.jpg', 'width': 480, 'height': 360}, {'url': 'https://i.ytimg.com/vi/2iUAbkwfxcY/sddefault.jpg', 'width': 640, 'height': 480}]",86,,0.21246563,24,2014,11,17
86,Y:TguSbAn4rJs,Morena,2127274,4Sv66qB4YwU,"[{'kgMid': '/g/11ghyk6np1', 'name': 'Vitor Kley'}, {'kgMid': '/g/11g6rmbwk8', 'name': 'Bruno Martini'}]",True,OQ7q_U_vX7Q,"[{'url': 'https://i.ytimg.com/vi/4Sv66qB4YwU/default.jpg', 'width': 120, 'height': 90}, {'url': 'https://i.ytimg.com/vi/4Sv66qB4YwU/mqdefault.jpg', 'width': 320, 'height': 180}, {'url': 'https://i.ytimg.com/vi/4Sv66qB4YwU/hqdefault.jpg', 'width': 480, 'height': 360}, {'url': 'https://i.ytimg.com/vi/4Sv66qB4YwU/sddefault.jpg', 'width': 640, 'height': 480}, {'url': 'https://i.ytimg.com/vi/4Sv66qB4YwU/maxresdefault.jpg', 'width': 1920, 'height': 1080}]",87,73.0,-0.06234245,4,2018,6,8
87,Y:2huCS-0jqwI,Eu Tô Zen,2078951,CMaQscHAx5U,"[{'kgMid': '/g/11c2psj56j', 'name': 'MC Kekel'}]",True,u5_TsGbWtuc,"[{'url': 'https://i.ytimg.com/vi/CMaQscHAx5U/default.jpg', 'width': 120, 'height': 90}, {'url': 'https://i.ytimg.com/vi/CMaQscHAx5U/mqdefault.jpg', 'width': 320, 'height': 180}, {'url': 'https://i.ytimg.com/vi/CMaQscHAx5U/hqdefault.jpg', 'width': 480, 'height': 360}, {'url': 'https://i.ytimg.com/vi/CMaQscHAx5U/sddefault.jpg', 'width': 640, 'height': 480}, {'url': 'https://i.ytimg.com/vi/CMaQscHAx5U/maxresdefault.jpg', 'width': 1920, 'height': 1080}]",88,82.0,0.094905645,5,2018,12,6
88,Y:lXriGr9fwLs,Três Corações (Ao Vivo),2070552,2dTWm4PhZtI,"[{'kgMid': '/m/0wtnl61', 'name': 'Henrique & Juliano'}]",True,yvp-NRI946w,"[{'url': 'https://i.ytimg.com/vi/2dTWm4PhZtI/default.jpg', 'width': 120, 'height': 90}, {'url': 'https://i.ytimg.com/vi/2dTWm4PhZtI/mqdefault.jpg', 'width': 320, 'height': 180}, {'url': 'https://i.ytimg.com/vi/2dTWm4PhZtI/hqdefault.jpg', 'width': 480, 'height': 360}, {'url': 'https://i.ytimg.com/vi/2dTWm4PhZtI/sddefault.jpg', 'width': 640, 'height': 480}]",89,91.0,0.17912312,3,2018,10,5
89,Y:cHKB6SbN3D8,Whisky e Gelo (Acústico),2062844,0RIViyyWz9A,"[{'kgMid': '/g/11c602sm4t', 'name': 'Zé Neto & Cristiano'}]",True,vUG6LRJ4BJk,"[{'url': 'https://i.ytimg.com/vi/0RIViyyWz9A/default.jpg', 'width': 120, 'height': 90}, {'url': 'https://i.ytimg.com/vi/0RIViyyWz9A/mqdefault.jpg', 'width': 320, 'height': 180}, {'url': 'https://i.ytimg.com/vi/0RIViyyWz9A/hqdefault.jpg', 'width': 480, 'height': 360}, {'url': 'https://i.ytimg.com/vi/0RIViyyWz9A/sddefault.jpg', 'width': 640, 'height': 480}, {'url': 'https://i.ytimg.com/vi/0RIViyyWz9A/maxresdefault.jpg', 'width': 1920, 'height': 1080}]",90,,,1,2019,1,10
90,Y:_yqx2uh_c6k,Não Complica (feat. Dani Russo),2051634,I7PMkxqULuA,"[{'kgMid': '/g/11b7_vwf0c', 'name': 'MC Vinny'}]",True,A7U4JFzeW3Q,"[{'url': 'https://i.ytimg.com/vi/I7PMkxqULuA/default.jpg', 'width': 120, 'height': 90}, {'url': 'https://i.ytimg.com/vi/I7PMkxqULuA/mqdefault.jpg', 'width': 320, 'height': 180}, {'url': 'https://i.ytimg.com/vi/I7PMkxqULuA/hqdefault.jpg', 'width': 480, 'height': 360}, {'url': 'https://i.ytimg.com/vi/I7PMkxqULuA/sddefault.jpg', 'width': 640, 'height': 480}, {'url': 'https://i.ytimg.com/vi/I7PMkxqULuA/maxresdefault.jpg', 'width': 1920, 'height': 1080}]",91,72.0,-0.1144807,4,2018,12,21
91,Y:rVdBjFFe2BY,Que Amor É Esse,2013848,xu8Zel1u-6k,"[{'kgMid': '/g/11b7_tz84z', 'name': 'Luma Elpidio'}]",True,jNrPoC3TkUg,"[{'url': 'https://i.ytimg.com/vi/xu8Zel1u-6k/default.jpg', 'width': 120, 'height': 90}, {'url': 'https://i.ytimg.com/vi/xu8Zel1u-6k/mqdefault.jpg', 'width': 320, 'height': 180}, {'url': 'https://i.ytimg.com/vi/xu8Zel1u-6k/hqdefault.jpg', 'width': 480, 'height': 360}, {'url': 'https://i.ytimg.com/vi/xu8Zel1u-6k/sddefault.jpg', 'width': 640, 'height': 480}, {'url': 'https://i.ytimg.com/vi/xu8Zel1u-6k/maxresdefault.jpg', 'width': 1920, 'height': 1080}]",92,,0.18825112,21,2017,12,15
92,Y:YGTWV8snTts,Os Sonhos de Deus (feat. Lukão Carvalho & Eli Soares),1941032,7TrlHs5x-Do,"[{'kgMid': '/g/11dxf0ptqb', 'name': 'Preto no Branco'}]",True,RRoaon1VBBc,"[{'url': 'https://i.ytimg.com/vi/7TrlHs5x-Do/default.jpg', 'width': 120, 'height': 90}, {'url': 'https://i.ytimg.com/vi/7TrlHs5x-Do/mqdefault.jpg', 'width': 320, 'height': 180}, {'url': 'https://i.ytimg.com/vi/7TrlHs5x-Do/hqdefault.jpg', 'width': 480, 'height': 360}, {'url': 'https://i.ytimg.com/vi/7TrlHs5x-Do/sddefault.jpg', 'width': 640, 'height': 480}, {'url': 'https://i.ytimg.com/vi/7TrlHs5x-Do/maxresdefault.jpg', 'width': 1920, 'height': 1080}]",93,,,22,2015,12,4
93,Y:9VRSZDLVV24,Chão de Giz (Ao Vivo),1928720,FxtNoY--CMg,"[{'kgMid': '/g/120xp55c', 'name': 'Zé Ramalho'}, {'kgMid': '/m/02qzcw3', 'name': 'Fagner'}]",True,7KB-8haP400,"[{'url': 'https://i.ytimg.com/vi/FxtNoY--CMg/default.jpg', 'width': 120, 'height': 90}, {'url': 'https://i.ytimg.com/vi/FxtNoY--CMg/mqdefault.jpg', 'width': 320, 'height': 180}, {'url': 'https://i.ytimg.com/vi/FxtNoY--CMg/hqdefault.jpg', 'width': 480, 'height': 360}, {'url': 'https://i.ytimg.com/vi/FxtNoY--CMg/sddefault.jpg', 'width': 640, 'height': 480}, {'url': 'https://i.ytimg.com/vi/FxtNoY--CMg/maxresdefault.jpg', 'width': 1920, 'height': 1080}]",94,,,1,2014,11,11
94,Y:MxonrvCJRyw,"thank u, next",1926223,gl1aHhXnN1k,"[{'kgMid': '/m/09gkdy4', 'name': 'Ariana Grande'}]",True,GftZ601-pXs,"[{'url': 'https://i.ytimg.com/vi/gl1aHhXnN1k/default.jpg', 'width': 120, 'height': 90}, {'url': 'https://i.ytimg.com/vi/gl1aHhXnN1k/mqdefault.jpg', 'width': 320, 'height': 180}, {'url': 'https://i.ytimg.com/vi/gl1aHhXnN1k/hqdefault.jpg', 'width': 480, 'height': 360}, {'url': 'https://i.ytimg.com/vi/gl1aHhXnN1k/sddefault.jpg', 'width': 640, 'height': 480}, {'url': 'https://i.ytimg.com/vi/gl1aHhXnN1k/maxresdefault.jpg', 'width': 1920, 'height': 1080}]",95,71.0,-0.18845575,8,2018,11,13
95,Y:5-RiEGTePPk,"Hey, Pai (Ao Vivo) (feat. Marcela Taís)",1910781,MF5Vj2X4s3Q,"[{'kgMid': '/g/11fkdz_yyw', 'name': 'Isadora Pompeo'}]",True,YL_U6blwqyk,"[{'url': 'https://i.ytimg.com/vi/MF5Vj2X4s3Q/default.jpg', 'width': 120, 'height': 90}, {'url': 'https://i.ytimg.com/vi/MF5Vj2X4s3Q/mqdefault.jpg', 'width': 320, 'height': 180}, {'url': 'https://i.ytimg.com/vi/MF5Vj2X4s3Q/hqdefault.jpg', 'width': 480, 'height': 360}, {'url': 'https://i.ytimg.com/vi/MF5Vj2X4s3Q/sddefault.jpg', 'width': 640, 'height': 480}, {'url': 'https://i.ytimg.com/vi/MF5Vj2X4s3Q/maxresdefault.jpg', 'width': 1920, 'height': 1080}]",96,88.0,0.056745615,2,2017,11,3
96,Y:3_WQEtYXT6s,Deixa Acontecer / Coração Radiante / Compasso Do Amor,1905351,c4XeTP11EI8,"[{'kgMid': '/m/01pb7lz', 'name': 'Grupo Revelação'}]",True,,"[{'url': 'https://i.ytimg.com/vi/c4XeTP11EI8/default.jpg', 'width': 120, 'height': 90}, {'url': 'https://i.ytimg.com/vi/c4XeTP11EI8/mqdefault.jpg', 'width': 320, 'height': 180}, {'url': 'https://i.ytimg.com/vi/c4XeTP11EI8/hqdefault.jpg', 'width': 480, 'height': 360}, {'url': 'https://i.ytimg.com/vi/c4XeTP11EI8/sddefault.jpg', 'width': 640, 'height': 480}, {'url': 'https://i.ytimg.com/vi/c4XeTP11EI8/maxresdefault.jpg', 'width': 1920, 'height': 1080}]",97,78.0,-0.08281939,16,2010,12,6
97,Y:29MLdCKF6PY,Aceita Que Dói Menos (Ao Vivo) (feat. Marília Mendonça),1891828,qesjau6cNUk,"[{'kgMid': '/m/01qtf3z', 'name': 'Trio Parada Dura'}]",True,wOC1HzLOHRc,"[{'url': 'https://i.ytimg.com/vi/qesjau6cNUk/default.jpg', 'width': 120, 'height': 90}, {'url': 'https://i.ytimg.com/vi/qesjau6cNUk/mqdefault.jpg', 'width': 320, 'height': 180}, {'url': 'https://i.ytimg.com/vi/qesjau6cNUk/hqdefault.jpg', 'width': 480, 'height': 360}, {'url': 'https://i.ytimg.com/vi/qesjau6cNUk/sddefault.jpg', 'width': 640, 'height': 480}, {'url': 'https://i.ytimg.com/vi/qesjau6cNUk/maxresdefault.jpg', 'width': 1920, 'height': 1080}]",98,,,13,2017,3,24
98,Y:hIjuhGHXvR4,Raspadinha,1881570,tzbvp-v94Q4,[{'name': 'MC WM'}],True,aU7bSkBKr8w,"[{'url': 'https://i.ytimg.com/vi/tzbvp-v94Q4/default.jpg', 'width': 120, 'height': 90}, {'url': 'https://i.ytimg.com/vi/tzbvp-v94Q4/mqdefault.jpg', 'width': 320, 'height': 180}, {'url': 'https://i.ytimg.com/vi/tzbvp-v94Q4/hqdefault.jpg', 'width': 480, 'height': 360}, {'url': 'https://i.ytimg.com/vi/tzbvp-v94Q4/sddefault.jpg', 'width': 640, 'height': 480}, {'url': 'https://i.ytimg.com/vi/tzbvp-v94Q4/maxresdefault.jpg', 'width': 1920, 'height': 1080}]",99,79.0,-0.050639424,9,2018,11,14
99,Y:pozMrssJ9eg,Medley da Gaiola (Dennis DJ Remix),1867328,Day11xRDENc,"[{'kgMid': '/g/11hzcy7yz_', 'name': 'MC Kevin o Chris'}]",True,,"[{'url': 'https://i.ytimg.com/vi/Day11xRDENc/default.jpg', 'width': 120, 'height': 90}, {'url': 'https://i.ytimg.com/vi/Day11xRDENc/mqdefault.jpg', 'width': 320, 'height': 180}, {'url': 'https://i.ytimg.com/vi/Day11xRDENc/hqdefault.jpg', 'width': 480, 'height': 360}, {'url': 'https://i.ytimg.com/vi/Day11xRDENc/sddefault.jpg', 'width': 640, 'height': 480}, {'url': 'https://i.ytimg.com/vi/Day11xRDENc/maxresdefault.jpg', 'width': 1920, 'height': 1080}]",100,89.0,0.043047912,2,2019,5,5
